cluster_id,size,members
866.0,19,"[866, 868, 869, 870, 871, 873, 9325, 9326, 23506, 26422, 26425, 26426, 37052, 37053, 37054, 37055, 44734, 82637, 82638]"
74949.0,15,"[74930, 74931, 74932, 74933, 74934, 74935, 74949, 74952, 74959, 74965, 74967, 74971, 74975, 74978, 74980]"
23708.0,11,"[23702, 23703, 23704, 23706, 23707, 23708, 23709, 23710, 23711, 41340, 41344]"
13026.0,10,"[13026, 13232, 13239, 17722, 24217, 24220, 70453, 83344, 83345, 87271]"
13731.0,10,"[2879, 2881, 2882, 2883, 13727, 13728, 13729, 13730, 13731, 13733]"
13568.0,9,"[13568, 13569, 13570, 13571, 13575, 13576, 13577, 13578, 13579]"
69547.0,9,"[44997, 69539, 69543, 69545, 69547, 69548, 69549, 69550, 95863]"
15592.0,9,"[15592, 43423, 43433, 43437, 43438, 43439, 43442, 52992, 52993]"
24956.0,9,"[12, 13, 14, 18, 17059, 24956, 64121, 79259, 79260]"
17434.0,8,"[17434, 17435, 17437, 17438, 17439, 17443, 17446, 17453]"
13720.0,8,"[13717, 13718, 13719, 13720, 13721, 13722, 13724, 13725]"
8140.0,8,"[8127, 8130, 8133, 8140, 8144, 30691, 77390, 95697]"
77045.0,8,"[35116, 35120, 35182, 35186, 35187, 77045, 77047, 77048]"
13016.0,8,"[13016, 13017, 13019, 13020, 32398, 32399, 32400, 32401]"
99203.0,7,"[53297, 54751, 99201, 99203, 99205, 99206, 99207]"
36286.0,7,"[36283, 36286, 36287, 36288, 36289, 36290, 36291]"
3589.0,7,"[3589, 3590, 3597, 33161, 76216, 76240, 76253]"
99983.0,7,"[22437, 31553, 99983, 99990, 99991, 99992, 99993]"
29150.0,7,"[29150, 29151, 29152, 29153, 29154, 29155, 29156]"
22709.0,6,"[22704, 22705, 22707, 22709, 22710, 22715]"
22428.0,6,"[22428, 22430, 41226, 41227, 43422, 84688]"
25849.0,6,"[25848, 25849, 25850, 25852, 25853, 25855]"
23685.0,6,"[23685, 23689, 23692, 23693, 32186, 41342]"
84624.0,6,"[84624, 84629, 84651, 84665, 84670, 84676]"
21099.0,6,"[6932, 21099, 21103, 56682, 56684, 56685]"
34426.0,6,"[6294, 6299, 34426, 34427, 34430, 68011]"
85994.0,6,"[85994, 85995, 85997, 85994, 85995, 85997]"
93370.0,6,"[93370, 93371, 93372, 93374, 93375, 93376]"
759.0,5,"[759, 12577, 83431, 97380, 99283]"
14472.0,5,"[14472, 14474, 14476, 14480, 14481]"
17279.0,5,"[17276, 17277, 17279, 17280, 35111]"
43544.0,5,"[43544, 51495, 51497, 51501, 51503]"
23720.0,5,"[23720, 23721, 23722, 23724, 23746]"
14466.0,5,"[14466, 31625, 40485, 40488, 92401]"
13583.0,5,"[13583, 13584, 13585, 13586, 13587]"
25919.0,5,"[25919, 25921, 25922, 25923, 25924]"
23686.0,5,"[23686, 23687, 23688, 23690, 23691]"
48506.0,5,"[48506, 48508, 48512, 48513, 48516]"
46758.0,5,"[46758, 68114, 68135, 68137, 87794]"
1618.0,5,"[1618, 3438, 3439, 22172, 89312]"
1689.0,5,"[1689, 1705, 26244, 87532, 87621]"
31043.0,5,"[31043, 31044, 31045, 31046, 31047]"
32328.0,5,"[32328, 32329, 32330, 32331, 32332]"
22795.0,5,"[22792, 22795, 22797, 22806, 22814]"
21545.0,5,"[21545, 21665, 21703, 32615, 93239]"
21992.0,5,"[21992, 24928, 27260, 48642, 53281]"
58822.0,5,"[52471, 58822, 58823, 58825, 58826]"
16799.0,4,"[16799, 44507, 99982, 99997]"
17423.0,4,"[17423, 17426, 17428, 17431]"
85936.0,4,"[85936, 85942, 85936, 85942]"
18322.0,4,"[18322, 51747, 84478, 90587]"
11225.0,4,"[11225, 11226, 88244, 92284]"
77806.0,4,"[77806, 77809, 77811, 87502]"
10829.0,4,"[10821, 10829, 29860, 29863]"
464.0,4,"[464, 75504, 90049, 98945]"
62418.0,4,"[62418, 62420, 89299, 89304]"
66682.0,4,"[66682, 66696, 68406, 68415]"
64397.0,4,"[64396, 64397, 64406, 77153]"
62310.0,4,"[62310, 62315, 62322, 62327]"
5129.0,4,"[5129, 5479, 5480, 5481]"
13223.0,4,"[13223, 18529, 80986, 89220]"
65911.0,4,"[65911, 65912, 65913, 65914]"
79767.0,4,"[79767, 79774, 79775, 84992]"
350.0,4,"[350, 14336, 17198, 91492]"
12589.0,4,"[12589, 50035, 81087, 81091]"
13701.0,4,"[13701, 13703, 13704, 13705]"
13783.0,4,"[13783, 13784, 13785, 13786]"
26768.0,4,"[26759, 26768, 26769, 26773]"
47559.0,4,"[47559, 51243, 51244, 51245]"
49917.0,4,"[49917, 49919, 49921, 49922]"
3949.0,4,"[3949, 3956, 3959, 41156]"
23694.0,4,"[23694, 23695, 23696, 23697]"
23557.0,4,"[23557, 23561, 23570, 23571]"
22836.0,4,"[22836, 23663, 23676, 23679]"
24172.0,4,"[24172, 24173, 24174, 24175]"
23419.0,4,"[23419, 31830, 84162, 84163]"
55733.0,4,"[55733, 55737, 66208, 66231]"
16114.0,4,"[16111, 16113, 16114, 16115]"
15605.0,4,"[15605, 15606, 52991, 52994]"
25051.0,4,"[25051, 25052, 25053, 25055]"
29497.0,4,"[29497, 29498, 29499, 29500]"
41067.0,4,"[41065, 41067, 41068, 41071]"
1934.0,4,"[1934, 1935, 93015, 93019]"
35964.0,4,"[35964, 50328, 98114, 98769]"
2504.0,4,"[2504, 3688, 32060, 32076]"
32242.0,4,"[32242, 32246, 35361, 61834]"
32900.0,4,"[32900, 80562, 94224, 94231]"
38665.0,4,"[38665, 38666, 38669, 67642]"
37743.0,4,"[37736, 37743, 37747, 80675]"
39483.0,4,"[39482, 39483, 39484, 39486]"
35078.0,4,"[35078, 35079, 35081, 35082]"
90159.0,4,"[90159, 90160, 90161, 90163]"
20074.0,4,"[58, 61, 20074, 28807]"
5988.0,4,"[5988, 11705, 26598, 90820]"
86556.0,4,"[86556, 86559, 86560, 86563]"
8627.0,4,"[8627, 17766, 77430, 93206]"
8726.0,4,"[8726, 8727, 89024, 89025]"
85935.0,4,"[85935, 85938, 85935, 85938]"
9852.0,4,"[9852, 37889, 37890, 72652]"
99107.0,3,"[99107, 99110, 99111]"
8222.0,3,"[8222, 8310, 8334]"
7924.0,3,"[7924, 7926, 7928]"
8530.0,3,"[8530, 77070, 98373]"
8684.0,3,"[8684, 8690, 8692]"
9030.0,3,"[9030, 9031, 10689]"
8848.0,3,"[8848, 70720, 78145]"
9541.0,3,"[9541, 59561, 91520]"
9420.0,3,"[9417, 9420, 9424]"
5907.0,3,"[5907, 5912, 23653]"
7052.0,3,"[7052, 28184, 91701]"
1.0,3,"[1, 70367, 93124]"
53.0,3,"[53, 52539, 69941]"
89646.0,3,"[89646, 89649, 89665]"
87494.0,3,"[87494, 87495, 87497]"
87491.0,3,"[87491, 87493, 87499]"
86823.0,3,"[86823, 86824, 86825]"
92945.0,3,"[92945, 92946, 92948]"
162.0,3,"[162, 163, 164]"
122.0,3,"[122, 46836, 84035]"
98411.0,3,"[98411, 98413, 98414]"
45626.0,3,"[45626, 49313, 49314]"
45601.0,3,"[45601, 45603, 45604]"
37741.0,3,"[37741, 80671, 89574]"
37684.0,3,"[37684, 37685, 65645]"
38699.0,3,"[38699, 45840, 45850]"
38197.0,3,"[38197, 43545, 48045]"
40090.0,3,"[40090, 40094, 40096]"
39937.0,3,"[39937, 76514, 76520]"
39508.0,3,"[39508, 76763, 76763]"
39322.0,3,"[39322, 39326, 39328]"
2151.0,3,"[2151, 11267, 50374]"
1989.0,3,"[1989, 81670, 97720]"
1984.0,3,"[1984, 76921, 91678]"
2629.0,3,"[2629, 2630, 2636]"
41345.0,3,"[41345, 58033, 58061]"
33836.0,3,"[33836, 51084, 99245]"
35435.0,3,"[35435, 35438, 35460]"
35885.0,3,"[35885, 83491, 83496]"
35768.0,3,"[35768, 98650, 98651]"
37380.0,3,"[37380, 37384, 77345]"
37297.0,3,"[37297, 37301, 85599]"
36532.0,3,"[36532, 91583, 91587]"
36404.0,3,"[36404, 59977, 88160]"
8909.0,3,"[2510, 8909, 80938]"
2386.0,3,"[2386, 2388, 79251]"
32261.0,3,"[32261, 32901, 77151]"
32155.0,3,"[32155, 32160, 32165]"
31862.0,3,"[31862, 81771, 81774]"
31498.0,3,"[31498, 31505, 77442]"
32687.0,3,"[32687, 35810, 93569]"
32386.0,3,"[32386, 48326, 66178]"
33635.0,3,"[33635, 33642, 33650]"
33557.0,3,"[33557, 33560, 34221]"
33322.0,3,"[33322, 33323, 33324]"
2872.0,3,"[2872, 12787, 80973]"
2807.0,3,"[2802, 2807, 18667]"
16562.0,3,"[3300, 16562, 96440]"
29513.0,3,"[29512, 29513, 29514]"
30762.0,3,"[30762, 30766, 30768]"
30597.0,3,"[30597, 30599, 30602]"
30593.0,3,"[30593, 93925, 93927]"
30314.0,3,"[30314, 30316, 30318]"
30298.0,3,"[30298, 81779, 96987]"
30249.0,3,"[30249, 30250, 30253]"
30231.0,3,"[30231, 30232, 30233]"
31456.0,3,"[31456, 85916, 85916]"
3087.0,3,"[3087, 31461, 77043]"
3067.0,3,"[3067, 44453, 93254]"
3603.0,3,"[3603, 3604, 77705]"
1440.0,3,"[1440, 1444, 1459]"
40912.0,3,"[40912, 68582, 77708]"
41844.0,3,"[41844, 85495, 85534]"
43211.0,3,"[43211, 43212, 86744]"
42512.0,3,"[42512, 42513, 42517]"
42165.0,3,"[42165, 42168, 42805]"
44505.0,3,"[44505, 48641, 57350]"
45181.0,3,"[45181, 45182, 97069]"
44712.0,3,"[44702, 44712, 44717]"
17040.0,3,"[1664, 17040, 17043]"
3586.0,3,"[3586, 10147, 10148]"
31115.0,3,"[31115, 96046, 96047]"
25363.0,3,"[25363, 26832, 26833]"
25152.0,3,"[25152, 25153, 25154]"
43634.0,3,"[26420, 43634, 58106]"
25982.0,3,"[25982, 36440, 60539]"
25803.0,3,"[25803, 25814, 25816]"
26574.0,3,"[26574, 26576, 26577]"
28076.0,3,"[28076, 44509, 99781]"
27297.0,3,"[27297, 27315, 92800]"
30122.0,3,"[30122, 83451, 83456]"
3444.0,3,"[3444, 64481, 85459]"
58653.0,3,"[58653, 58656, 58657]"
58459.0,3,"[58459, 58461, 58465]"
45520.0,3,"[45520, 45524, 45528]"
46311.0,3,"[46311, 80171, 88179]"
47311.0,3,"[47311, 68910, 80692]"
48215.0,3,"[48215, 86820, 86822]"
48210.0,3,"[48210, 77931, 77936]"
48004.0,3,"[48004, 48008, 48013]"
49916.0,3,"[49916, 49918, 49920]"
49808.0,3,"[49805, 49808, 49809]"
51070.0,3,"[51070, 54241, 54243]"
51060.0,3,"[51060, 77223, 84620]"
3986.0,3,"[3986, 16701, 16704]"
22809.0,3,"[22809, 22810, 22813]"
23777.0,3,"[23777, 43647, 43650]"
24378.0,3,"[24378, 45486, 45490]"
24832.0,3,"[24832, 76781, 76781]"
25711.0,3,"[25711, 80470, 86926]"
25701.0,3,"[25701, 44779, 85401]"
4325.0,3,"[4325, 4331, 92862]"
19534.0,3,"[19534, 76992, 79736]"
21647.0,3,"[21647, 82525, 98427]"
22459.0,3,"[22459, 33998, 84959]"
22338.0,3,"[22338, 80375, 80377]"
23483.0,3,"[23483, 23486, 32961]"
4125.0,3,"[4125, 4126, 77025]"
4805.0,3,"[4805, 4806, 4809]"
65788.0,3,"[65788, 65842, 77392]"
68287.0,3,"[68287, 81007, 89853]"
50688.0,3,"[50688, 50691, 60533]"
50139.0,3,"[50139, 57906, 81589]"
51225.0,3,"[51225, 51226, 51231]"
52364.0,3,"[52364, 52368, 52370]"
54472.0,3,"[54472, 54474, 54475]"
56371.0,3,"[56371, 64619, 94779]"
41675.0,3,"[1542, 41675, 85625]"
1516.0,3,"[1516, 1519, 1526]"
1445.0,3,"[1445, 27226, 87539]"
58973.0,3,"[58973, 58976, 58979]"
23249.0,3,"[23249, 23251, 23252]"
23010.0,3,"[23010, 29508, 84456]"
14933.0,3,"[14933, 37556, 84980]"
14839.0,3,"[14839, 14854, 14859]"
17159.0,3,"[17159, 57401, 57410]"
17566.0,3,"[17566, 17568, 17570]"
18287.0,3,"[18287, 80321, 80330]"
18265.0,3,"[18265, 18268, 18269]"
60238.0,3,"[60238, 60242, 60247]"
60137.0,3,"[60137, 60142, 60143]"
60014.0,3,"[60014, 60023, 66745]"
59919.0,3,"[59919, 68033, 92599]"
60908.0,3,"[60908, 60910, 60913]"
62766.0,3,"[62766, 62767, 62769]"
62618.0,3,"[62618, 62619, 62620]"
61897.0,3,"[61897, 84543, 84551]"
65605.0,3,"[65605, 65609, 65640]"
5114.0,3,"[5114, 12001, 77530]"
13549.0,3,"[13549, 13550, 13551]"
21445.0,3,"[13154, 21445, 86416]"
14615.0,3,"[14615, 83858, 83859]"
24374.0,3,"[15164, 24374, 87779]"
5094.0,3,"[5094, 18004, 94764]"
78181.0,3,"[5347, 78181, 87950]"
15015.0,3,"[15015, 15018, 15019]"
14995.0,3,"[14995, 21353, 84977]"
11569.0,3,"[11569, 33346, 68687]"
78450.0,3,"[12279, 78450, 78451]"
12245.0,3,"[12242, 12245, 12246]"
12555.0,3,"[12555, 35975, 77649]"
13137.0,3,"[13137, 33681, 87955]"
13106.0,3,"[13106, 13109, 43007]"
5297.0,3,"[5297, 83998, 87808]"
5294.0,3,"[5294, 79128, 92312]"
7139.0,3,"[5692, 7139, 7140]"
5659.0,3,"[5659, 49953, 77129]"
13033.0,3,"[13033, 13037, 13039]"
12967.0,3,"[12967, 12968, 12969]"
12958.0,3,"[12958, 12960, 34071]"
10558.0,3,"[10558, 10564, 46512]"
10538.0,3,"[10538, 42877, 99638]"
10210.0,3,"[10210, 76792, 88990]"
10191.0,3,"[10190, 10191, 10193]"
41479.0,3,"[10897, 41479, 41482]"
10690.0,3,"[10690, 72488, 87763]"
10572.0,3,"[10572, 13504, 91973]"
11768.0,3,"[11768, 11771, 11772]"
5359.0,3,"[5359, 85181, 87961]"
5357.0,3,"[5357, 78178, 87957]"
5354.0,3,"[5354, 78171, 87963]"
5351.0,3,"[5351, 78174, 87964]"
6690.0,3,"[6690, 24949, 24953]"
8228.0,3,"[8228, 8296, 77765]"
67994.0,3,"[67994, 67995, 67997]"
67723.0,3,"[67723, 67726, 67728]"
69511.0,3,"[69511, 81776, 96986]"
73322.0,3,"[73322, 73324, 73327]"
76627.0,3,"[76627, 85987, 85987]"
76782.0,3,"[76782, 76782, 91884]"
77986.0,3,"[77986, 77988, 77989]"
84507.0,3,"[84507, 84508, 84509]"
84906.0,3,"[84906, 84909, 87992]"
6138.0,3,"[6138, 6145, 45214]"
7588.0,3,"[7588, 7590, 7593]"
2.0,3,"[2, 70356, 77522]"
15237.0,3,"[31, 15237, 15247]"
34.0,3,"[34, 119, 92671]"
277.0,3,"[277, 6463, 89305]"
74.0,3,"[74, 82, 19895]"
7038.0,3,"[7038, 7039, 77570]"
7035.0,3,"[7035, 7059, 97887]"
6834.0,3,"[6834, 7007, 74595]"
7346.0,3,"[7346, 28854, 77677]"
7332.0,3,"[7332, 63413, 77673]"
7329.0,3,"[7329, 77674, 92034]"
94861.0,3,"[94861, 94862, 94865]"
99300.0,3,"[99300, 99302, 99306]"
98567.0,2,"[98567, 98568]"
99942.0,2,"[99942, 99945]"
3.0,2,"[3, 77523]"
21.0,2,"[21, 76799]"
26.0,2,"[26, 10539]"
28.0,2,"[28, 10540]"
290.0,2,"[290, 51884]"
275.0,2,"[275, 56976]"
264.0,2,"[264, 27556]"
95096.0,2,"[95096, 95097]"
95105.0,2,"[95105, 95110]"
95135.0,2,"[95135, 95140]"
95338.0,2,"[95338, 95339]"
95722.0,2,"[95722, 95723]"
95857.0,2,"[95857, 97089]"
96228.0,2,"[96228, 96247]"
399.0,2,"[399, 33024]"
403.0,2,"[403, 81707]"
422.0,2,"[422, 76497]"
456.0,2,"[456, 91953]"
462.0,2,"[462, 82110]"
78.0,2,"[78, 91932]"
98.0,2,"[98, 6930]"
103.0,2,"[103, 42432]"
105.0,2,"[105, 53767]"
7336.0,2,"[7336, 76835]"
7337.0,2,"[7337, 77686]"
7341.0,2,"[7341, 23661]"
7342.0,2,"[7342, 77682]"
7347.0,2,"[7347, 77676]"
7360.0,2,"[7360, 7363]"
7494.0,2,"[7494, 7498]"
7510.0,2,"[7510, 7512]"
7551.0,2,"[7551, 7552]"
7585.0,2,"[7585, 95807]"
6697.0,2,"[6697, 77753]"
6723.0,2,"[6723, 62326]"
6794.0,2,"[6794, 6795]"
6902.0,2,"[6902, 82886]"
7033.0,2,"[7033, 7053]"
7036.0,2,"[7036, 97881]"
6426.0,2,"[6426, 40345]"
6438.0,2,"[6438, 6748]"
6440.0,2,"[6440, 93114]"
6492.0,2,"[6492, 6493]"
6523.0,2,"[6523, 34210]"
6551.0,2,"[6551, 40174]"
6563.0,2,"[6563, 13162]"
7769.0,2,"[7769, 79580]"
7791.0,2,"[7791, 57654]"
7840.0,2,"[7840, 7843]"
7848.0,2,"[7848, 7849]"
7859.0,2,"[7859, 52854]"
7882.0,2,"[7882, 77769]"
7190.0,2,"[7190, 10563]"
7198.0,2,"[7198, 84894]"
7216.0,2,"[7216, 99416]"
7608.0,2,"[7608, 88418]"
7628.0,2,"[7628, 89071]"
7672.0,2,"[7672, 96667]"
7677.0,2,"[7677, 22081]"
7723.0,2,"[7723, 32574]"
7733.0,2,"[7733, 88811]"
7742.0,2,"[7742, 77412]"
7754.0,2,"[7754, 88329]"
7041.0,2,"[7041, 97898]"
7058.0,2,"[7058, 97886]"
7061.0,2,"[7061, 97880]"
7086.0,2,"[7086, 95625]"
7125.0,2,"[7125, 7129]"
6320.0,2,"[6320, 99474]"
6412.0,2,"[6412, 6416]"
6421.0,2,"[6421, 40316]"
8548.0,2,"[8548, 77061]"
8555.0,2,"[8555, 8582]"
8567.0,2,"[8567, 77065]"
7909.0,2,"[7909, 42485]"
7911.0,2,"[7911, 7912]"
7956.0,2,"[7956, 76827]"
7959.0,2,"[7959, 97120]"
7960.0,2,"[7960, 31363]"
7967.0,2,"[7967, 9739]"
7973.0,2,"[7973, 64110]"
7980.0,2,"[7980, 34370]"
8147.0,2,"[8147, 79106]"
8176.0,2,"[8176, 8188]"
8197.0,2,"[8197, 8199]"
8229.0,2,"[8229, 17581]"
7598.0,2,"[7598, 28087]"
8713.0,2,"[8713, 88891]"
8738.0,2,"[8738, 8742]"
8758.0,2,"[8758, 38180]"
8765.0,2,"[8765, 40084]"
8249.0,2,"[8249, 77770]"
8252.0,2,"[8252, 77764]"
8253.0,2,"[8253, 77768]"
8316.0,2,"[8316, 21993]"
8327.0,2,"[8327, 22218]"
8489.0,2,"[8489, 81416]"
8523.0,2,"[8523, 77063]"
8529.0,2,"[8529, 77069]"
8531.0,2,"[8531, 77068]"
8532.0,2,"[8532, 77060]"
8536.0,2,"[8536, 77056]"
8541.0,2,"[8541, 77071]"
8954.0,2,"[8954, 39703]"
8964.0,2,"[8964, 8970]"
8973.0,2,"[8973, 8988]"
8984.0,2,"[8984, 8986]"
8994.0,2,"[8994, 9001]"
9063.0,2,"[9063, 9068]"
9072.0,2,"[9072, 77273]"
8572.0,2,"[8572, 77054]"
8609.0,2,"[8609, 77222]"
8630.0,2,"[8630, 77429]"
8648.0,2,"[8648, 30026]"
8661.0,2,"[8661, 99162]"
8676.0,2,"[8676, 82064]"
8680.0,2,"[8680, 95665]"
8695.0,2,"[8695, 8703]"
8698.0,2,"[8698, 55183]"
9153.0,2,"[9153, 81046]"
9226.0,2,"[9226, 9229]"
9282.0,2,"[9282, 9283]"
9389.0,2,"[9389, 95708]"
9488.0,2,"[9488, 84140]"
9505.0,2,"[9505, 9506]"
9512.0,2,"[9512, 91564]"
9532.0,2,"[9532, 9738]"
9623.0,2,"[9623, 76776]"
8810.0,2,"[8810, 8813]"
8908.0,2,"[8908, 86666]"
8914.0,2,"[8914, 96404]"
8915.0,2,"[8915, 33541]"
8919.0,2,"[8919, 11787]"
8951.0,2,"[8951, 94682]"
8953.0,2,"[8953, 89745]"
5776.0,2,"[5776, 87750]"
5830.0,2,"[5830, 49039]"
5863.0,2,"[5863, 57046]"
5890.0,2,"[5890, 45213]"
5937.0,2,"[5937, 81022]"
9879.0,2,"[9879, 88110]"
9895.0,2,"[9895, 98927]"
9916.0,2,"[9916, 11785]"
9953.0,2,"[9953, 94103]"
9975.0,2,"[9975, 34352]"
9984.0,2,"[9984, 78552]"
9073.0,2,"[9073, 9075]"
9074.0,2,"[9074, 82214]"
9076.0,2,"[9076, 55318]"
9081.0,2,"[9081, 30050]"
9118.0,2,"[9118, 68537]"
9676.0,2,"[9676, 88987]"
9717.0,2,"[9717, 96573]"
9766.0,2,"[9766, 9767]"
9784.0,2,"[9784, 84880]"
9789.0,2,"[9789, 94816]"
9815.0,2,"[9815, 9816]"
9827.0,2,"[9827, 79340]"
9863.0,2,"[9863, 78438]"
6595.0,2,"[6595, 21430]"
6671.0,2,"[6671, 24945]"
6678.0,2,"[6678, 74556]"
6689.0,2,"[6689, 99118]"
6693.0,2,"[6693, 45570]"
5712.0,2,"[5712, 5713]"
5721.0,2,"[5721, 5722]"
5770.0,2,"[5770, 5771]"
10964.0,2,"[10964, 10970]"
10974.0,2,"[10974, 77013]"
11012.0,2,"[11012, 77233]"
10006.0,2,"[10006, 96059]"
10059.0,2,"[10059, 10060]"
10078.0,2,"[10078, 10101]"
10105.0,2,"[10105, 83222]"
10127.0,2,"[10127, 10472]"
10161.0,2,"[10161, 76610]"
10203.0,2,"[10203, 10204]"
10310.0,2,"[10310, 10311]"
10339.0,2,"[10339, 74176]"
10483.0,2,"[10483, 77247]"
10517.0,2,"[10517, 23065]"
10549.0,2,"[10549, 10550]"
9626.0,2,"[9626, 65893]"
11413.0,2,"[11413, 48995]"
11433.0,2,"[11433, 23016]"
11437.0,2,"[11437, 24610]"
11448.0,2,"[11448, 98704]"
11449.0,2,"[11449, 88039]"
11463.0,2,"[11463, 45779]"
11499.0,2,"[11499, 93520]"
10590.0,2,"[10590, 43613]"
10593.0,2,"[10593, 92229]"
10669.0,2,"[10669, 10670]"
10718.0,2,"[10718, 91356]"
10731.0,2,"[10731, 10737]"
10750.0,2,"[10750, 92141]"
10767.0,2,"[10767, 10769]"
10853.0,2,"[10853, 25505]"
10912.0,2,"[10912, 94239]"
5358.0,2,"[5358, 78173]"
5360.0,2,"[5360, 78179]"
5373.0,2,"[5373, 18072]"
11793.0,2,"[11793, 28102]"
11801.0,2,"[11801, 77554]"
11805.0,2,"[11805, 27397]"
11824.0,2,"[11824, 11826]"
11860.0,2,"[11860, 11861]"
11035.0,2,"[11035, 18357]"
11046.0,2,"[11046, 97632]"
11127.0,2,"[11127, 11136]"
11189.0,2,"[11189, 11195]"
11213.0,2,"[11213, 16807]"
11353.0,2,"[11353, 11354]"
11355.0,2,"[11355, 11359]"
11395.0,2,"[11395, 11399]"
11510.0,2,"[11510, 77564]"
11594.0,2,"[11594, 47550]"
11609.0,2,"[11609, 80690]"
11651.0,2,"[11651, 29744]"
11701.0,2,"[11701, 76729]"
11728.0,2,"[11728, 28370]"
11741.0,2,"[11741, 77510]"
11751.0,2,"[11751, 11756]"
11766.0,2,"[11766, 95073]"
6063.0,2,"[6063, 6064]"
6183.0,2,"[6183, 87798]"
6259.0,2,"[6259, 6264]"
6289.0,2,"[6289, 85733]"
5350.0,2,"[5350, 78172]"
5352.0,2,"[5352, 78169]"
5356.0,2,"[5356, 78183]"
12767.0,2,"[12767, 12769]"
12835.0,2,"[12835, 12836]"
11925.0,2,"[11925, 11926]"
11936.0,2,"[11936, 92740]"
11990.0,2,"[11990, 71465]"
12022.0,2,"[12022, 94568]"
12113.0,2,"[12113, 69919]"
12149.0,2,"[12149, 92721]"
12158.0,2,"[12158, 12159]"
12176.0,2,"[12176, 74311]"
12194.0,2,"[12194, 81624]"
12264.0,2,"[12264, 95321]"
12272.0,2,"[12272, 86306]"
12296.0,2,"[12296, 77158]"
12358.0,2,"[12358, 91077]"
12371.0,2,"[12371, 40037]"
13131.0,2,"[13131, 21462]"
13136.0,2,"[13136, 21426]"
13139.0,2,"[13139, 21456]"
13141.0,2,"[13141, 84075]"
12434.0,2,"[12434, 15628]"
12444.0,2,"[12444, 92720]"
12467.0,2,"[12467, 92415]"
12502.0,2,"[12502, 97533]"
12518.0,2,"[12518, 80120]"
12557.0,2,"[12557, 77650]"
12594.0,2,"[12594, 77754]"
12618.0,2,"[12618, 51624]"
12651.0,2,"[12651, 87641]"
12658.0,2,"[12658, 89609]"
12686.0,2,"[12686, 12691]"
12738.0,2,"[12738, 12741]"
12950.0,2,"[12950, 90341]"
12986.0,2,"[12986, 91609]"
12996.0,2,"[12996, 99105]"
13023.0,2,"[13023, 13028]"
5391.0,2,"[5391, 5396]"
5439.0,2,"[5439, 84095]"
5488.0,2,"[5488, 60459]"
5560.0,2,"[5560, 45800]"
5191.0,2,"[5191, 96088]"
5198.0,2,"[5198, 77815]"
5203.0,2,"[5203, 33632]"
5215.0,2,"[5215, 7600]"
5216.0,2,"[5216, 26945]"
5220.0,2,"[5220, 77266]"
5296.0,2,"[5296, 79120]"
5309.0,2,"[5309, 5310]"
14201.0,2,"[14201, 76852]"
14248.0,2,"[14248, 96396]"
14249.0,2,"[14249, 77267]"
14253.0,2,"[14253, 77264]"
13144.0,2,"[13144, 79378]"
13219.0,2,"[13219, 51885]"
13246.0,2,"[13246, 88043]"
13349.0,2,"[13349, 92714]"
13444.0,2,"[13444, 59219]"
13464.0,2,"[13464, 51674]"
13479.0,2,"[13479, 77533]"
13519.0,2,"[13519, 25911]"
13604.0,2,"[13604, 13605]"
13639.0,2,"[13639, 13640]"
13657.0,2,"[13657, 92602]"
12857.0,2,"[12857, 86756]"
14572.0,2,"[14572, 14573]"
14578.0,2,"[14578, 14582]"
14595.0,2,"[14595, 81014]"
14704.0,2,"[14704, 92852]"
14710.0,2,"[14710, 86891]"
14756.0,2,"[14756, 20890]"
14764.0,2,"[14764, 14768]"
13659.0,2,"[13659, 68055]"
13662.0,2,"[13662, 68054]"
13839.0,2,"[13839, 18671]"
13844.0,2,"[13844, 13845]"
13853.0,2,"[13853, 77293]"
13879.0,2,"[13879, 92916]"
14035.0,2,"[14035, 14044]"
14054.0,2,"[14054, 70917]"
14114.0,2,"[14114, 14115]"
4961.0,2,"[4961, 65580]"
4965.0,2,"[4965, 4970]"
4978.0,2,"[4978, 94761]"
5065.0,2,"[5065, 92367]"
5091.0,2,"[5091, 22549]"
15079.0,2,"[15079, 87552]"
15082.0,2,"[15082, 87572]"
15089.0,2,"[15089, 98189]"
15183.0,2,"[15183, 22942]"
15196.0,2,"[15196, 64229]"
14263.0,2,"[14263, 77287]"
14358.0,2,"[14358, 14359]"
14366.0,2,"[14366, 80727]"
14368.0,2,"[14368, 14375]"
14376.0,2,"[14376, 81699]"
14387.0,2,"[14387, 60318]"
15563.0,2,"[15563, 15578]"
14808.0,2,"[14808, 86566]"
14865.0,2,"[14865, 40998]"
14870.0,2,"[14870, 15617]"
14904.0,2,"[14904, 91917]"
14940.0,2,"[14940, 87679]"
14951.0,2,"[14951, 14956]"
5316.0,2,"[5316, 5317]"
5319.0,2,"[5319, 5322]"
5338.0,2,"[5338, 31247]"
5346.0,2,"[5346, 78177]"
5349.0,2,"[5349, 78175]"
4920.0,2,"[4920, 4921]"
4933.0,2,"[4933, 80018]"
4954.0,2,"[4954, 28645]"
4955.0,2,"[4955, 4956]"
16059.0,2,"[16059, 16064]"
15221.0,2,"[15221, 93936]"
15241.0,2,"[15241, 77684]"
15245.0,2,"[15245, 67514]"
15320.0,2,"[15320, 89659]"
15351.0,2,"[15351, 77681]"
15377.0,2,"[15377, 15379]"
15384.0,2,"[15384, 94613]"
15430.0,2,"[15430, 96983]"
15438.0,2,"[15438, 21295]"
15447.0,2,"[15447, 76663]"
15476.0,2,"[15476, 96980]"
15510.0,2,"[15510, 96977]"
15516.0,2,"[15516, 99459]"
15521.0,2,"[15521, 15529]"
15555.0,2,"[15555, 34988]"
16692.0,2,"[16692, 92637]"
16700.0,2,"[16700, 79969]"
16729.0,2,"[16729, 84942]"
15677.0,2,"[15677, 92297]"
15690.0,2,"[15690, 72252]"
15746.0,2,"[15746, 21372]"
15782.0,2,"[15782, 15785]"
15812.0,2,"[15812, 85306]"
15851.0,2,"[15851, 15852]"
15858.0,2,"[15858, 71163]"
15860.0,2,"[15860, 15866]"
15862.0,2,"[15862, 22083]"
15876.0,2,"[15876, 70364]"
15901.0,2,"[15901, 97884]"
15956.0,2,"[15956, 82984]"
16016.0,2,"[16016, 87958]"
17030.0,2,"[17030, 17037]"
17144.0,2,"[17144, 17146]"
17150.0,2,"[17150, 17152]"
17192.0,2,"[17192, 89815]"
16103.0,2,"[16103, 89753]"
16125.0,2,"[16125, 16129]"
16130.0,2,"[16130, 89306]"
16211.0,2,"[16211, 87736]"
16216.0,2,"[16216, 33948]"
16264.0,2,"[16264, 16268]"
16317.0,2,"[16317, 16345]"
16375.0,2,"[16375, 18074]"
16390.0,2,"[16390, 18022]"
16392.0,2,"[16392, 16398]"
16430.0,2,"[16430, 21340]"
16559.0,2,"[16559, 60821]"
17680.0,2,"[17680, 17681]"
17686.0,2,"[17686, 46233]"
17690.0,2,"[17690, 91501]"
17770.0,2,"[17770, 77432]"
17944.0,2,"[17944, 22550]"
17972.0,2,"[17972, 17974]"
16739.0,2,"[16739, 77477]"
16828.0,2,"[16828, 16831]"
16853.0,2,"[16853, 16854]"
16875.0,2,"[16875, 89395]"
16900.0,2,"[16900, 77665]"
16906.0,2,"[16906, 77031]"
16907.0,2,"[16907, 77675]"
16968.0,2,"[16968, 16972]"
16992.0,2,"[16992, 93338]"
16993.0,2,"[16993, 16995]"
18115.0,2,"[18115, 77472]"
18119.0,2,"[18119, 77473]"
18122.0,2,"[18122, 45480]"
18132.0,2,"[18132, 65646]"
18152.0,2,"[18152, 42438]"
18154.0,2,"[18154, 98607]"
18197.0,2,"[18197, 18201]"
18234.0,2,"[18234, 86998]"
18348.0,2,"[18348, 46067]"
18349.0,2,"[18349, 18361]"
17416.0,2,"[17416, 17422]"
17424.0,2,"[17424, 17427]"
17498.0,2,"[17498, 17503]"
17559.0,2,"[17559, 65802]"
17620.0,2,"[17620, 69843]"
17648.0,2,"[17648, 19189]"
4531.0,2,"[4531, 87753]"
4625.0,2,"[4625, 37420]"
4627.0,2,"[4627, 42425]"
4641.0,2,"[4641, 23790]"
4667.0,2,"[4667, 91865]"
4670.0,2,"[4670, 46164]"
4672.0,2,"[4672, 81638]"
18846.0,2,"[18846, 81268]"
18866.0,2,"[18866, 98215]"
18915.0,2,"[18915, 90566]"
18989.0,2,"[18989, 96132]"
18995.0,2,"[18995, 82841]"
19067.0,2,"[19067, 19068]"
17982.0,2,"[17982, 17983]"
17995.0,2,"[17995, 17997]"
18003.0,2,"[18003, 22554]"
18423.0,2,"[18423, 92587]"
18431.0,2,"[18431, 18435]"
18487.0,2,"[18487, 89476]"
18549.0,2,"[18549, 18551]"
18579.0,2,"[18579, 18580]"
18795.0,2,"[18795, 18798]"
18805.0,2,"[18805, 28405]"
18808.0,2,"[18808, 81508]"
18828.0,2,"[18828, 95763]"
5102.0,2,"[5102, 17123]"
5113.0,2,"[5113, 77531]"
5134.0,2,"[5134, 53677]"
5139.0,2,"[5139, 5140]"
4404.0,2,"[4404, 4407]"
4408.0,2,"[4408, 4415]"
4442.0,2,"[4442, 4463]"
19090.0,2,"[19090, 85102]"
19108.0,2,"[19108, 93188]"
19127.0,2,"[19127, 77717]"
19190.0,2,"[19190, 19254]"
19302.0,2,"[19302, 42308]"
19321.0,2,"[19321, 19323]"
19366.0,2,"[19366, 19367]"
19381.0,2,"[19381, 77714]"
19382.0,2,"[19382, 77715]"
19400.0,2,"[19400, 19405]"
19445.0,2,"[19445, 19447]"
19488.0,2,"[19488, 63110]"
19511.0,2,"[19511, 90803]"
19518.0,2,"[19518, 19524]"
19556.0,2,"[19556, 23279]"
18403.0,2,"[18403, 18404]"
19566.0,2,"[19566, 21783]"
19578.0,2,"[19578, 65513]"
19580.0,2,"[19580, 80999]"
19631.0,2,"[19631, 80058]"
19633.0,2,"[19633, 90872]"
19635.0,2,"[19635, 90873]"
19669.0,2,"[19669, 19707]"
19803.0,2,"[19803, 55751]"
19808.0,2,"[19808, 19809]"
19818.0,2,"[19818, 77358]"
19826.0,2,"[19826, 33514]"
19965.0,2,"[19965, 83029]"
20130.0,2,"[20130, 20131]"
20153.0,2,"[20153, 20154]"
20185.0,2,"[20185, 96925]"
20250.0,2,"[20250, 99220]"
20252.0,2,"[20252, 53776]"
20287.0,2,"[20287, 93437]"
20411.0,2,"[20411, 85033]"
20563.0,2,"[20563, 90794]"
20595.0,2,"[20595, 20599]"
20676.0,2,"[20676, 92844]"
20776.0,2,"[20776, 32106]"
20813.0,2,"[20813, 84235]"
20845.0,2,"[20845, 98184]"
20930.0,2,"[20930, 76238]"
21027.0,2,"[21027, 37057]"
21033.0,2,"[21033, 37779]"
21191.0,2,"[21191, 93781]"
21202.0,2,"[21202, 21203]"
21265.0,2,"[21265, 21269]"
21356.0,2,"[21356, 32432]"
22716.0,2,"[22716, 82748]"
22722.0,2,"[22722, 82747]"
21362.0,2,"[21362, 32431]"
21447.0,2,"[21447, 80568]"
21476.0,2,"[21476, 21489]"
21535.0,2,"[21535, 32502]"
21540.0,2,"[21540, 76866]"
21543.0,2,"[21543, 76868]"
21704.0,2,"[21704, 85587]"
21723.0,2,"[21723, 21725]"
21743.0,2,"[21743, 78129]"
21774.0,2,"[21774, 92052]"
21787.0,2,"[21787, 77115]"
21807.0,2,"[21807, 77125]"
21828.0,2,"[21828, 92564]"
21969.0,2,"[21969, 30068]"
4166.0,2,"[4166, 4178]"
4197.0,2,"[4197, 87246]"
4239.0,2,"[4239, 52213]"
4255.0,2,"[4255, 43504]"
4260.0,2,"[4260, 4277]"
23453.0,2,"[23453, 23454]"
23480.0,2,"[23480, 23484]"
23504.0,2,"[23504, 82643]"
23539.0,2,"[23539, 23752]"
21972.0,2,"[21972, 67035]"
21991.0,2,"[21991, 29590]"
22028.0,2,"[22028, 22046]"
22034.0,2,"[22034, 79037]"
22164.0,2,"[22164, 40240]"
22230.0,2,"[22230, 22233]"
22551.0,2,"[22551, 22553]"
23920.0,2,"[23920, 23921]"
22916.0,2,"[22916, 73921]"
22995.0,2,"[22995, 77899]"
23034.0,2,"[23034, 95289]"
23055.0,2,"[23055, 85346]"
23114.0,2,"[23114, 73782]"
23327.0,2,"[23327, 47734]"
4708.0,2,"[4708, 4712]"
4738.0,2,"[4738, 4739]"
4787.0,2,"[4787, 4789]"
4824.0,2,"[4824, 4829]"
4869.0,2,"[4869, 65327]"
4009.0,2,"[4009, 77532]"
4053.0,2,"[4053, 4067]"
4109.0,2,"[4109, 18545]"
4122.0,2,"[4122, 37868]"
24443.0,2,"[24443, 24446]"
24468.0,2,"[24468, 24470]"
24521.0,2,"[24521, 77428]"
24526.0,2,"[24526, 93201]"
24558.0,2,"[24558, 55659]"
24565.0,2,"[24565, 24568]"
24566.0,2,"[24566, 80446]"
24600.0,2,"[24600, 50482]"
23559.0,2,"[23559, 23560]"
23576.0,2,"[23576, 77076]"
23577.0,2,"[23577, 77075]"
23627.0,2,"[23627, 77680]"
23700.0,2,"[23700, 23701]"
23734.0,2,"[23734, 23740]"
23756.0,2,"[23756, 98266]"
23814.0,2,"[23814, 75067]"
24776.0,2,"[24776, 88188]"
24777.0,2,"[24777, 88198]"
24784.0,2,"[24784, 92744]"
24813.0,2,"[24813, 24819]"
24873.0,2,"[24873, 61975]"
24925.0,2,"[24925, 67639]"
24942.0,2,"[24942, 32959]"
24965.0,2,"[24965, 83215]"
24973.0,2,"[24973, 99288]"
25060.0,2,"[25060, 86717]"
23929.0,2,"[23929, 88414]"
23966.0,2,"[23966, 92192]"
23975.0,2,"[23975, 89048]"
24098.0,2,"[24098, 24102]"
24131.0,2,"[24131, 24133]"
24192.0,2,"[24192, 78176]"
3717.0,2,"[3717, 3719]"
3732.0,2,"[3732, 3735]"
3774.0,2,"[3774, 98807]"
3805.0,2,"[3805, 90876]"
3825.0,2,"[3825, 46018]"
3835.0,2,"[3835, 93304]"
3845.0,2,"[3845, 80122]"
3847.0,2,"[3847, 89890]"
25473.0,2,"[25473, 69479]"
25738.0,2,"[25738, 79127]"
25740.0,2,"[25740, 99804]"
25777.0,2,"[25777, 93833]"
24616.0,2,"[24616, 99328]"
24651.0,2,"[24651, 24654]"
24687.0,2,"[24687, 77088]"
24737.0,2,"[24737, 24739]"
26508.0,2,"[26508, 30636]"
25069.0,2,"[25069, 86147]"
25191.0,2,"[25191, 93699]"
25216.0,2,"[25216, 32277]"
25226.0,2,"[25226, 84981]"
25340.0,2,"[25340, 25525]"
25392.0,2,"[25392, 56495]"
25418.0,2,"[25418, 25419]"
25443.0,2,"[25443, 25444]"
4262.0,2,"[4262, 86590]"
4269.0,2,"[4269, 91903]"
4300.0,2,"[4300, 96647]"
4339.0,2,"[4339, 4341]"
4360.0,2,"[4360, 15820]"
3685.0,2,"[3685, 99356]"
3701.0,2,"[3701, 10982]"
27003.0,2,"[27003, 77020]"
27092.0,2,"[27092, 91390]"
27096.0,2,"[27096, 27101]"
27133.0,2,"[27133, 40929]"
27149.0,2,"[27149, 87659]"
27268.0,2,"[27268, 27274]"
25815.0,2,"[25815, 61032]"
25931.0,2,"[25931, 59143]"
25965.0,2,"[25965, 31960]"
26075.0,2,"[26075, 26078]"
26166.0,2,"[26166, 26167]"
26241.0,2,"[26241, 26242]"
26281.0,2,"[26281, 53298]"
26343.0,2,"[26343, 30500]"
26423.0,2,"[26423, 97039]"
26474.0,2,"[26474, 76930]"
27819.0,2,"[27819, 27821]"
27827.0,2,"[27827, 27829]"
27842.0,2,"[27842, 27844]"
27843.0,2,"[27843, 27851]"
27852.0,2,"[27852, 27863]"
28010.0,2,"[28010, 96227]"
28055.0,2,"[28055, 78287]"
28103.0,2,"[28103, 50523]"
26510.0,2,"[26510, 86443]"
26532.0,2,"[26532, 38125]"
26549.0,2,"[26549, 90674]"
26802.0,2,"[26802, 26803]"
26957.0,2,"[26957, 77092]"
26968.0,2,"[26968, 78257]"
26972.0,2,"[26972, 26973]"
27000.0,2,"[27000, 77021]"
28539.0,2,"[28539, 92879]"
28563.0,2,"[28563, 93809]"
28582.0,2,"[28582, 28583]"
28607.0,2,"[28607, 28610]"
28612.0,2,"[28612, 28613]"
28768.0,2,"[28768, 88317]"
28808.0,2,"[28808, 91971]"
28810.0,2,"[28810, 55935]"
28862.0,2,"[28862, 99319]"
28864.0,2,"[28864, 81763]"
27374.0,2,"[27374, 99087]"
27494.0,2,"[27494, 77760]"
27515.0,2,"[27515, 87099]"
27736.0,2,"[27736, 95865]"
27802.0,2,"[27802, 80895]"
27812.0,2,"[27812, 27814]"
29023.0,2,"[29023, 29035]"
29096.0,2,"[29096, 29103]"
29098.0,2,"[29098, 29101]"
29100.0,2,"[29100, 29109]"
29117.0,2,"[29117, 84121]"
29168.0,2,"[29168, 29169]"
29187.0,2,"[29187, 93768]"
29245.0,2,"[29245, 29246]"
29359.0,2,"[29359, 29362]"
29364.0,2,"[29364, 29365]"
28196.0,2,"[28196, 71369]"
28272.0,2,"[28272, 28513]"
28282.0,2,"[28282, 86724]"
28296.0,2,"[28296, 91655]"
28472.0,2,"[28472, 92909]"
28474.0,2,"[28474, 28477]"
3472.0,2,"[3472, 15931]"
3473.0,2,"[3473, 85421]"
3483.0,2,"[3483, 97473]"
3496.0,2,"[3496, 84339]"
3525.0,2,"[3525, 3530]"
3581.0,2,"[3581, 76988]"
29937.0,2,"[29937, 81133]"
30010.0,2,"[30010, 85441]"
30034.0,2,"[30034, 30036]"
30212.0,2,"[30212, 97441]"
30229.0,2,"[30229, 30277]"
28868.0,2,"[28868, 65643]"
28938.0,2,"[28938, 28949]"
28948.0,2,"[28948, 32765]"
28988.0,2,"[28988, 86723]"
28991.0,2,"[28991, 86725]"
30812.0,2,"[30812, 84047]"
29452.0,2,"[29452, 29459]"
29579.0,2,"[29579, 29580]"
29596.0,2,"[29596, 88903]"
29601.0,2,"[29601, 32830]"
29619.0,2,"[29619, 35086]"
29745.0,2,"[29745, 94179]"
29797.0,2,"[29797, 29820]"
29799.0,2,"[29799, 29808]"
3867.0,2,"[3867, 77274]"
3875.0,2,"[3875, 91878]"
3938.0,2,"[3938, 3944]"
3947.0,2,"[3947, 3963]"
3445.0,2,"[3445, 63939]"
3465.0,2,"[3465, 15932]"
3471.0,2,"[3471, 92111]"
3008.0,2,"[3008, 76817]"
3051.0,2,"[3051, 12820]"
3080.0,2,"[3080, 3083]"
31196.0,2,"[31196, 92667]"
31204.0,2,"[31204, 99330]"
31351.0,2,"[31351, 76828]"
31358.0,2,"[31358, 95573]"
31422.0,2,"[31422, 99374]"
30234.0,2,"[30234, 30236]"
30296.0,2,"[30296, 81778]"
30343.0,2,"[30343, 85611]"
30399.0,2,"[30399, 85221]"
30471.0,2,"[30471, 52605]"
30474.0,2,"[30474, 30483]"
30573.0,2,"[30573, 94012]"
30700.0,2,"[30700, 96593]"
30844.0,2,"[30844, 30845]"
30979.0,2,"[30979, 63080]"
31067.0,2,"[31067, 80904]"
31161.0,2,"[31161, 31162]"
31171.0,2,"[31171, 50223]"
31178.0,2,"[31178, 77696]"
31181.0,2,"[31181, 77697]"
31184.0,2,"[31184, 77699]"
3608.0,2,"[3608, 3609]"
3636.0,2,"[3636, 77306]"
3665.0,2,"[3665, 80523]"
2955.0,2,"[2955, 2956]"
2970.0,2,"[2970, 99138]"
2973.0,2,"[2973, 19377]"
2990.0,2,"[2990, 17537]"
2996.0,2,"[2996, 3002]"
32534.0,2,"[32534, 77094]"
32628.0,2,"[32628, 34873]"
32686.0,2,"[32686, 77232]"
32703.0,2,"[32703, 92099]"
32768.0,2,"[32768, 32774]"
32836.0,2,"[32836, 66221]"
31462.0,2,"[31462, 31463]"
31476.0,2,"[31476, 76756]"
31579.0,2,"[31579, 31590]"
31608.0,2,"[31608, 31610]"
31641.0,2,"[31641, 31645]"
31642.0,2,"[31642, 84462]"
31699.0,2,"[31699, 31701]"
31723.0,2,"[31723, 31738]"
31976.0,2,"[31976, 31977]"
32183.0,2,"[32183, 49542]"
32944.0,2,"[32944, 44248]"
33017.0,2,"[33017, 60316]"
33144.0,2,"[33144, 84589]"
33265.0,2,"[33265, 33266]"
33326.0,2,"[33326, 33328]"
33342.0,2,"[33342, 64123]"
33489.0,2,"[33489, 33495]"
33543.0,2,"[33543, 33545]"
32352.0,2,"[32352, 38258]"
32387.0,2,"[32387, 32390]"
32395.0,2,"[32395, 82393]"
32481.0,2,"[32481, 60265]"
32499.0,2,"[32499, 78168]"
32500.0,2,"[32500, 84792]"
32509.0,2,"[32509, 42036]"
32522.0,2,"[32522, 42038]"
2735.0,2,"[2735, 77142]"
2767.0,2,"[2767, 15721]"
2820.0,2,"[2820, 94575]"
2821.0,2,"[2821, 2827]"
2834.0,2,"[2834, 62566]"
2869.0,2,"[2869, 2870]"
34046.0,2,"[34046, 34047]"
34080.0,2,"[34080, 94768]"
34155.0,2,"[34155, 34157]"
34194.0,2,"[34194, 80804]"
34462.0,2,"[34462, 92009]"
34474.0,2,"[34474, 34483]"
32844.0,2,"[32844, 78753]"
32858.0,2,"[32858, 98992]"
32859.0,2,"[32859, 79002]"
32929.0,2,"[32929, 94557]"
33672.0,2,"[33672, 99056]"
33679.0,2,"[33679, 97956]"
33730.0,2,"[33730, 33731]"
33804.0,2,"[33804, 36462]"
33852.0,2,"[33852, 36757]"
33854.0,2,"[33854, 33856]"
33897.0,2,"[33897, 82241]"
33933.0,2,"[33933, 57357]"
34013.0,2,"[34013, 82540]"
3101.0,2,"[3101, 92385]"
3283.0,2,"[3283, 3289]"
3344.0,2,"[3344, 64895]"
3379.0,2,"[3379, 22311]"
3431.0,2,"[3431, 3433]"
2696.0,2,"[2696, 49930]"
2723.0,2,"[2723, 77508]"
35998.0,2,"[35998, 60372]"
36112.0,2,"[36112, 91420]"
36120.0,2,"[36120, 83730]"
34516.0,2,"[34516, 64247]"
34519.0,2,"[34519, 97362]"
34532.0,2,"[34532, 47996]"
34534.0,2,"[34534, 64336]"
34762.0,2,"[34762, 34765]"
34822.0,2,"[34822, 34833]"
34845.0,2,"[34845, 80635]"
34968.0,2,"[34968, 34973]"
35050.0,2,"[35050, 35051]"
35250.0,2,"[35250, 57701]"
35268.0,2,"[35268, 35269]"
35354.0,2,"[35354, 84076]"
35437.0,2,"[35437, 35443]"
37034.0,2,"[37034, 89020]"
37082.0,2,"[37082, 37084]"
37140.0,2,"[37140, 96366]"
37190.0,2,"[37190, 76920]"
37305.0,2,"[37305, 37308]"
37394.0,2,"[37394, 37396]"
37437.0,2,"[37437, 37440]"
35562.0,2,"[35562, 35633]"
35564.0,2,"[35564, 35591]"
35708.0,2,"[35708, 35719]"
35740.0,2,"[35740, 82467]"
35741.0,2,"[35741, 97607]"
35870.0,2,"[35870, 35875]"
35895.0,2,"[35895, 35896]"
35921.0,2,"[35921, 77734]"
35987.0,2,"[35987, 99720]"
2373.0,2,"[2373, 95326]"
2404.0,2,"[2404, 2409]"
2442.0,2,"[2442, 13856]"
2506.0,2,"[2506, 89207]"
2527.0,2,"[2527, 50010]"
37758.0,2,"[37758, 80676]"
37790.0,2,"[37790, 37791]"
37819.0,2,"[37819, 74434]"
37828.0,2,"[37828, 90231]"
37852.0,2,"[37852, 37853]"
38011.0,2,"[38011, 38012]"
36412.0,2,"[36412, 96109]"
36636.0,2,"[36636, 78847]"
36684.0,2,"[36684, 36686]"
36705.0,2,"[36705, 36707]"
36706.0,2,"[36706, 36712]"
38946.0,2,"[38946, 38947]"
38980.0,2,"[38980, 93753]"
37444.0,2,"[37444, 76778]"
37526.0,2,"[37526, 82380]"
37624.0,2,"[37624, 77295]"
37646.0,2,"[37646, 37648]"
37668.0,2,"[37668, 73296]"
37706.0,2,"[37706, 99737]"
37729.0,2,"[37729, 80670]"
2886.0,2,"[2886, 13616]"
2898.0,2,"[2898, 84899]"
2899.0,2,"[2899, 69540]"
2932.0,2,"[2932, 94953]"
2943.0,2,"[2943, 76807]"
2314.0,2,"[2314, 17730]"
2327.0,2,"[2327, 16551]"
39608.0,2,"[39608, 83498]"
39648.0,2,"[39648, 39649]"
39654.0,2,"[39654, 93008]"
39904.0,2,"[39904, 39909]"
40086.0,2,"[40086, 43944]"
38082.0,2,"[38082, 38084]"
38210.0,2,"[38210, 38212]"
38221.0,2,"[38221, 38223]"
38332.0,2,"[38332, 88369]"
38470.0,2,"[38470, 38485]"
38503.0,2,"[38503, 99468]"
38553.0,2,"[38553, 39324]"
38586.0,2,"[38586, 38589]"
38735.0,2,"[38735, 42910]"
38747.0,2,"[38747, 99145]"
38907.0,2,"[38907, 38909]"
40312.0,2,"[40312, 40339]"
40331.0,2,"[40331, 86662]"
40378.0,2,"[40378, 40390]"
40424.0,2,"[40424, 40425]"
40461.0,2,"[40461, 84331]"
40527.0,2,"[40527, 72694]"
40604.0,2,"[40604, 76531]"
40690.0,2,"[40690, 84492]"
40694.0,2,"[40694, 60716]"
40768.0,2,"[40768, 40772]"
39105.0,2,"[39105, 59861]"
39112.0,2,"[39112, 39117]"
39213.0,2,"[39213, 39214]"
39280.0,2,"[39280, 39286]"
39396.0,2,"[39396, 93839]"
39400.0,2,"[39400, 65928]"
1999.0,2,"[1999, 2001]"
2058.0,2,"[2058, 35878]"
2142.0,2,"[2142, 2146]"
2156.0,2,"[2156, 91910]"
41379.0,2,"[41379, 41381]"
41423.0,2,"[41423, 77367]"
41426.0,2,"[41426, 77368]"
41451.0,2,"[41451, 77366]"
41558.0,2,"[41558, 51002]"
41569.0,2,"[41569, 58170]"
40147.0,2,"[40147, 40148]"
40152.0,2,"[40152, 90800]"
40188.0,2,"[40188, 86331]"
40283.0,2,"[40283, 88867]"
40287.0,2,"[40287, 76829]"
40297.0,2,"[40297, 40299]"
42086.0,2,"[42086, 42108]"
40877.0,2,"[40877, 68586]"
40888.0,2,"[40888, 85555]"
41101.0,2,"[41101, 41102]"
41127.0,2,"[41127, 77506]"
41289.0,2,"[41289, 41292]"
41319.0,2,"[41319, 41320]"
41373.0,2,"[41373, 41376]"
2538.0,2,"[2538, 78189]"
2550.0,2,"[2550, 6288]"
2574.0,2,"[2574, 2575]"
2672.0,2,"[2672, 2673]"
2695.0,2,"[2695, 99324]"
1958.0,2,"[1958, 62202]"
1993.0,2,"[1993, 49234]"
1996.0,2,"[1996, 41900]"
43201.0,2,"[43201, 43205]"
43228.0,2,"[43228, 78160]"
41680.0,2,"[41680, 86917]"
41684.0,2,"[41684, 77270]"
41694.0,2,"[41694, 85738]"
41707.0,2,"[41707, 85735]"
41709.0,2,"[41709, 87996]"
41711.0,2,"[41711, 97595]"
41713.0,2,"[41713, 41714]"
41824.0,2,"[41824, 85434]"
41825.0,2,"[41825, 76679]"
41829.0,2,"[41829, 85552]"
41836.0,2,"[41836, 59282]"
41959.0,2,"[41959, 41961]"
42058.0,2,"[42058, 82397]"
42076.0,2,"[42076, 90886]"
43877.0,2,"[43877, 43878]"
44170.0,2,"[44170, 44171]"
44323.0,2,"[44323, 46873]"
44461.0,2,"[44461, 44467]"
44534.0,2,"[44534, 44536]"
42094.0,2,"[42094, 42107]"
42391.0,2,"[42391, 42399]"
42447.0,2,"[42447, 42492]"
42499.0,2,"[42499, 42501]"
42571.0,2,"[42571, 42574]"
42573.0,2,"[42573, 42575]"
42603.0,2,"[42603, 80820]"
42923.0,2,"[42923, 42926]"
43035.0,2,"[43035, 80505]"
43157.0,2,"[43157, 43158]"
43173.0,2,"[43173, 98047]"
45015.0,2,"[45015, 88007]"
45031.0,2,"[45031, 85635]"
45071.0,2,"[45071, 45081]"
45091.0,2,"[45091, 98034]"
45174.0,2,"[45174, 45177]"
45228.0,2,"[45228, 45231]"
45396.0,2,"[45396, 45400]"
43236.0,2,"[43236, 43238]"
43462.0,2,"[43462, 43471]"
43475.0,2,"[43475, 43476]"
43547.0,2,"[43547, 98384]"
43641.0,2,"[43641, 85609]"
43673.0,2,"[43673, 43675]"
43730.0,2,"[43730, 43749]"
43797.0,2,"[43797, 43824]"
43798.0,2,"[43798, 43826]"
1624.0,2,"[1624, 83479]"
1681.0,2,"[1681, 1694]"
1752.0,2,"[1752, 7729]"
1839.0,2,"[1839, 76919]"
45810.0,2,"[45810, 87204]"
45857.0,2,"[45857, 45859]"
46114.0,2,"[46114, 84547]"
46125.0,2,"[46125, 92828]"
46126.0,2,"[46126, 92487]"
46130.0,2,"[46130, 88870]"
44793.0,2,"[44793, 44795]"
44801.0,2,"[44801, 44804]"
44835.0,2,"[44835, 48596]"
44855.0,2,"[44855, 44932]"
44954.0,2,"[44954, 72013]"
45000.0,2,"[45000, 45002]"
45442.0,2,"[45442, 45462]"
45449.0,2,"[45449, 76862]"
45530.0,2,"[45530, 45533]"
45592.0,2,"[45592, 45595]"
45662.0,2,"[45662, 45664]"
45684.0,2,"[45684, 52559]"
45760.0,2,"[45760, 75787]"
2166.0,2,"[2166, 78697]"
2179.0,2,"[2179, 2183]"
2203.0,2,"[2203, 80803]"
2265.0,2,"[2265, 30055]"
2287.0,2,"[2287, 77948]"
2308.0,2,"[2308, 80965]"
1551.0,2,"[1551, 1557]"
1590.0,2,"[1590, 79443]"
1621.0,2,"[1621, 85431]"
47538.0,2,"[47538, 72428]"
47567.0,2,"[47567, 79153]"
46205.0,2,"[46205, 46209]"
46244.0,2,"[46244, 52187]"
46263.0,2,"[46263, 46265]"
46287.0,2,"[46287, 46295]"
46305.0,2,"[46305, 46314]"
46325.0,2,"[46325, 51499]"
46329.0,2,"[46329, 48193]"
46354.0,2,"[46354, 46355]"
46436.0,2,"[46436, 85406]"
46450.0,2,"[46450, 87566]"
46472.0,2,"[46472, 46475]"
46477.0,2,"[46477, 54503]"
46568.0,2,"[46568, 46571]"
46855.0,2,"[46855, 46857]"
48815.0,2,"[48815, 48962]"
48829.0,2,"[48829, 77128]"
49017.0,2,"[49017, 49020]"
49051.0,2,"[49051, 49055]"
46898.0,2,"[46898, 46901]"
46945.0,2,"[46945, 92279]"
46980.0,2,"[46980, 46983]"
47021.0,2,"[47021, 82354]"
47079.0,2,"[47079, 99581]"
47127.0,2,"[47127, 99651]"
47164.0,2,"[47164, 47174]"
47197.0,2,"[47197, 77562]"
47228.0,2,"[47228, 47250]"
47375.0,2,"[47375, 47376]"
47424.0,2,"[47424, 88464]"
47470.0,2,"[47470, 47474]"
49391.0,2,"[49391, 97993]"
49475.0,2,"[49475, 95814]"
49501.0,2,"[49501, 49502]"
49541.0,2,"[49541, 49544]"
49707.0,2,"[49707, 49708]"
49728.0,2,"[49728, 85691]"
49860.0,2,"[49860, 64873]"
49887.0,2,"[49887, 50100]"
47922.0,2,"[47922, 47927]"
48020.0,2,"[48020, 82542]"
48264.0,2,"[48264, 78435]"
48450.0,2,"[48450, 48453]"
48482.0,2,"[48482, 90687]"
48483.0,2,"[48483, 96388]"
48760.0,2,"[48760, 48901]"
48800.0,2,"[48800, 90153]"
1303.0,2,"[1303, 73025]"
1353.0,2,"[1353, 95759]"
1362.0,2,"[1362, 87824]"
1375.0,2,"[1375, 66672]"
1381.0,2,"[1381, 77201]"
1419.0,2,"[1419, 77997]"
1420.0,2,"[1420, 89338]"
50798.0,2,"[50798, 78210]"
50839.0,2,"[50839, 50899]"
50863.0,2,"[50863, 78121]"
50950.0,2,"[50950, 79714]"
49139.0,2,"[49139, 49143]"
49198.0,2,"[49198, 90468]"
49276.0,2,"[49276, 49279]"
49286.0,2,"[49286, 49288]"
49309.0,2,"[49309, 49310]"
52194.0,2,"[52194, 75870]"
50001.0,2,"[50001, 77049]"
50066.0,2,"[50066, 50067]"
50136.0,2,"[50136, 50138]"
50181.0,2,"[50181, 81637]"
50313.0,2,"[50313, 98763]"
50366.0,2,"[50366, 96590]"
50395.0,2,"[50395, 93191]"
50396.0,2,"[50396, 50403]"
1852.0,2,"[1852, 79589]"
1870.0,2,"[1870, 50212]"
1898.0,2,"[1898, 50793]"
1911.0,2,"[1911, 77084]"
1955.0,2,"[1955, 62208]"
1246.0,2,"[1246, 26525]"
1262.0,2,"[1262, 81765]"
52880.0,2,"[52880, 98214]"
52891.0,2,"[52891, 52899]"
51080.0,2,"[51080, 51083]"
51134.0,2,"[51134, 63982]"
51198.0,2,"[51198, 85297]"
51236.0,2,"[51236, 51237]"
51380.0,2,"[51380, 51388]"
51387.0,2,"[51387, 92812]"
51392.0,2,"[51392, 92817]"
51552.0,2,"[51552, 78484]"
51595.0,2,"[51595, 92407]"
51671.0,2,"[51671, 51673]"
51743.0,2,"[51743, 80604]"
51827.0,2,"[51827, 99649]"
52069.0,2,"[52069, 52072]"
52155.0,2,"[52155, 52157]"
53891.0,2,"[53891, 85598]"
53921.0,2,"[53921, 53922]"
53947.0,2,"[53947, 53948]"
53997.0,2,"[53997, 53999]"
52248.0,2,"[52248, 79630]"
52302.0,2,"[52302, 86503]"
52308.0,2,"[52308, 52309]"
52383.0,2,"[52383, 53931]"
52434.0,2,"[52434, 56763]"
52450.0,2,"[52450, 52452]"
52475.0,2,"[52475, 52481]"
52491.0,2,"[52491, 86173]"
52639.0,2,"[52639, 92095]"
52688.0,2,"[52688, 52696]"
52828.0,2,"[52828, 78249]"
52862.0,2,"[52862, 52865]"
55149.0,2,"[55149, 55156]"
55207.0,2,"[55207, 55215]"
55235.0,2,"[55235, 55252]"
55301.0,2,"[55301, 89448]"
55342.0,2,"[55342, 57290]"
52930.0,2,"[52930, 80319]"
53109.0,2,"[53109, 53112]"
53169.0,2,"[53169, 53172]"
53314.0,2,"[53314, 53323]"
53403.0,2,"[53403, 82632]"
53418.0,2,"[53418, 93946]"
53596.0,2,"[53596, 96021]"
53649.0,2,"[53649, 53653]"
53817.0,2,"[53817, 53818]"
53838.0,2,"[53838, 53842]"
53888.0,2,"[53888, 85600]"
56417.0,2,"[56417, 56418]"
56483.0,2,"[56483, 92960]"
56504.0,2,"[56504, 56505]"
56534.0,2,"[56534, 56537]"
56592.0,2,"[56592, 56593]"
56674.0,2,"[56674, 56675]"
54072.0,2,"[54072, 77456]"
54120.0,2,"[54120, 78188]"
54149.0,2,"[54149, 54150]"
54247.0,2,"[54247, 98213]"
54403.0,2,"[54403, 77400]"
54532.0,2,"[54532, 82749]"
54716.0,2,"[54716, 92692]"
54778.0,2,"[54778, 91561]"
54805.0,2,"[54805, 99314]"
54894.0,2,"[54894, 87856]"
57457.0,2,"[57457, 97486]"
57572.0,2,"[57572, 57796]"
57619.0,2,"[57619, 57621]"
57629.0,2,"[57629, 76543]"
57843.0,2,"[57843, 63250]"
57904.0,2,"[57904, 81583]"
57935.0,2,"[57935, 57938]"
58233.0,2,"[58233, 58237]"
55369.0,2,"[55369, 55380]"
55396.0,2,"[55396, 55402]"
55506.0,2,"[55506, 55509]"
55847.0,2,"[55847, 95811]"
55966.0,2,"[55966, 91646]"
55984.0,2,"[55984, 76732]"
56073.0,2,"[56073, 83107]"
56129.0,2,"[56129, 83635]"
968.0,2,"[968, 972]"
969.0,2,"[969, 36589]"
59180.0,2,"[59180, 59181]"
59187.0,2,"[59187, 94204]"
59264.0,2,"[59264, 59265]"
59370.0,2,"[59370, 59372]"
59501.0,2,"[59501, 72132]"
59640.0,2,"[59640, 97333]"
56696.0,2,"[56696, 77085]"
56862.0,2,"[56862, 56864]"
56935.0,2,"[56935, 56938]"
56973.0,2,"[56973, 56990]"
57100.0,2,"[57100, 96243]"
57257.0,2,"[57257, 57310]"
57420.0,2,"[57420, 57423]"
57447.0,2,"[57447, 93300]"
58532.0,2,"[58532, 90414]"
58677.0,2,"[58677, 58678]"
58872.0,2,"[58872, 85740]"
58986.0,2,"[58986, 58988]"
59007.0,2,"[59007, 64477]"
59057.0,2,"[59057, 67261]"
1471.0,2,"[1471, 26522]"
1535.0,2,"[1535, 1545]"
1538.0,2,"[1538, 51742]"
769.0,2,"[769, 44555]"
794.0,2,"[794, 92160]"
822.0,2,"[822, 77587]"
823.0,2,"[823, 77586]"
900.0,2,"[900, 25381]"
929.0,2,"[929, 936]"
960.0,2,"[960, 85302]"
61578.0,2,"[61578, 61580]"
61666.0,2,"[61666, 94786]"
61760.0,2,"[61760, 64608]"
59757.0,2,"[59757, 79942]"
59776.0,2,"[59776, 59777]"
59875.0,2,"[59875, 82808]"
59890.0,2,"[59890, 82797]"
60016.0,2,"[60016, 60021]"
60080.0,2,"[60080, 92404]"
60146.0,2,"[60146, 91805]"
60403.0,2,"[60403, 77450]"
60476.0,2,"[60476, 68062]"
60551.0,2,"[60551, 60602]"
60690.0,2,"[60690, 60692]"
60735.0,2,"[60735, 71477]"
58314.0,2,"[58314, 95025]"
62659.0,2,"[62659, 78256]"
62854.0,2,"[62854, 62855]"
63260.0,2,"[63260, 63261]"
63280.0,2,"[63280, 63281]"
60737.0,2,"[60737, 77655]"
60781.0,2,"[60781, 60786]"
60792.0,2,"[60792, 77695]"
60825.0,2,"[60825, 60827]"
61016.0,2,"[61016, 61021]"
61073.0,2,"[61073, 61096]"
61151.0,2,"[61151, 92138]"
61179.0,2,"[61179, 77417]"
61181.0,2,"[61181, 77418]"
61277.0,2,"[61277, 61279]"
61358.0,2,"[61358, 61359]"
61416.0,2,"[61416, 61418]"
63997.0,2,"[63997, 92956]"
64083.0,2,"[64083, 66792]"
64317.0,2,"[64317, 64321]"
64400.0,2,"[64400, 64401]"
64442.0,2,"[64442, 64444]"
64524.0,2,"[64524, 92923]"
64559.0,2,"[64559, 88189]"
64594.0,2,"[64594, 89482]"
64640.0,2,"[64640, 64679]"
61912.0,2,"[61912, 82804]"
62110.0,2,"[62110, 62111]"
62189.0,2,"[62189, 62190]"
62294.0,2,"[62294, 62299]"
62390.0,2,"[62390, 62392]"
62437.0,2,"[62437, 62438]"
62443.0,2,"[62443, 62444]"
65017.0,2,"[65017, 65022]"
65111.0,2,"[65111, 80680]"
65115.0,2,"[65115, 78411]"
65243.0,2,"[65243, 65244]"
65358.0,2,"[65358, 67522]"
65369.0,2,"[65369, 65376]"
65398.0,2,"[65398, 65400]"
65402.0,2,"[65402, 65403]"
65651.0,2,"[65651, 84369]"
65698.0,2,"[65698, 95694]"
63387.0,2,"[63387, 63389]"
63524.0,2,"[63524, 91886]"
63611.0,2,"[63611, 63614]"
63887.0,2,"[63887, 63891]"
63892.0,2,"[63892, 81608]"
63975.0,2,"[63975, 66755]"
550.0,2,"[550, 34107]"
603.0,2,"[603, 27017]"
609.0,2,"[609, 610]"
629.0,2,"[629, 13113]"
654.0,2,"[654, 99140]"
655.0,2,"[655, 18385]"
66045.0,2,"[66045, 66046]"
66057.0,2,"[66057, 66061]"
66450.0,2,"[66450, 79574]"
66547.0,2,"[66547, 85612]"
67085.0,2,"[67085, 85739]"
64668.0,2,"[64668, 64670]"
64676.0,2,"[64676, 64677]"
64694.0,2,"[64694, 64701]"
64710.0,2,"[64710, 97009]"
64785.0,2,"[64785, 64786]"
65752.0,2,"[65752, 65855]"
65801.0,2,"[65801, 77395]"
65840.0,2,"[65840, 77393]"
65869.0,2,"[65869, 65872]"
65958.0,2,"[65958, 77211]"
65976.0,2,"[65976, 65977]"
1004.0,2,"[1004, 1006]"
1021.0,2,"[1021, 26536]"
1067.0,2,"[1067, 77347]"
1097.0,2,"[1097, 77539]"
1233.0,2,"[1233, 1236]"
1241.0,2,"[1241, 1242]"
471.0,2,"[471, 26461]"
515.0,2,"[515, 516]"
524.0,2,"[524, 84943]"
536.0,2,"[536, 77544]"
71162.0,2,"[71162, 92115]"
67269.0,2,"[67269, 67280]"
67458.0,2,"[67458, 73779]"
67506.0,2,"[67506, 67512]"
67762.0,2,"[67762, 70187]"
67906.0,2,"[67906, 78232]"
67951.0,2,"[67951, 77008]"
67954.0,2,"[67954, 67967]"
67959.0,2,"[67959, 91979]"
67961.0,2,"[67961, 91976]"
68411.0,2,"[68411, 77738]"
68417.0,2,"[68417, 68418]"
68617.0,2,"[68617, 68618]"
68653.0,2,"[68653, 85472]"
65699.0,2,"[65699, 95670]"
65711.0,2,"[65711, 65721]"
72622.0,2,"[72622, 72624]"
72657.0,2,"[72657, 77079]"
68856.0,2,"[68856, 68858]"
68908.0,2,"[68908, 68915]"
69343.0,2,"[69343, 69361]"
69776.0,2,"[69776, 69779]"
70145.0,2,"[70145, 83803]"
70227.0,2,"[70227, 70232]"
70237.0,2,"[70237, 70265]"
70241.0,2,"[70241, 87226]"
70287.0,2,"[70287, 70289]"
70800.0,2,"[70800, 84596]"
70820.0,2,"[70820, 70823]"
70924.0,2,"[70924, 70925]"
70999.0,2,"[70999, 84078]"
71045.0,2,"[71045, 71047]"
74950.0,2,"[74950, 74973]"
75029.0,2,"[75029, 75033]"
71416.0,2,"[71416, 87244]"
71683.0,2,"[71683, 77291]"
71687.0,2,"[71687, 71691]"
71805.0,2,"[71805, 71806]"
71864.0,2,"[71864, 82606]"
71870.0,2,"[71870, 82605]"
71871.0,2,"[71871, 82604]"
71964.0,2,"[71964, 79780]"
71984.0,2,"[71984, 71989]"
72141.0,2,"[72141, 90668]"
72228.0,2,"[72228, 77014]"
72395.0,2,"[72395, 72401]"
72477.0,2,"[72477, 72478]"
72492.0,2,"[72492, 72506]"
76040.0,2,"[76040, 76042]"
76373.0,2,"[76373, 76374]"
76382.0,2,"[76382, 76384]"
76404.0,2,"[76404, 76407]"
72779.0,2,"[72779, 72783]"
72911.0,2,"[72911, 72918]"
73167.0,2,"[73167, 78541]"
73413.0,2,"[73413, 73417]"
73419.0,2,"[73419, 73420]"
73769.0,2,"[73769, 73770]"
73794.0,2,"[73794, 99248]"
74087.0,2,"[74087, 98782]"
74257.0,2,"[74257, 74260]"
74463.0,2,"[74463, 74467]"
74537.0,2,"[74537, 82448]"
74635.0,2,"[74635, 74644]"
76764.0,2,"[76764, 76764]"
76765.0,2,"[76765, 76765]"
76766.0,2,"[76766, 76766]"
76767.0,2,"[76767, 76767]"
75071.0,2,"[75071, 75074]"
75084.0,2,"[75084, 80044]"
75222.0,2,"[75222, 75228]"
75250.0,2,"[75250, 98222]"
75367.0,2,"[75367, 75368]"
75377.0,2,"[75377, 75379]"
75402.0,2,"[75402, 82766]"
75639.0,2,"[75639, 80807]"
75824.0,2,"[75824, 88172]"
75837.0,2,"[75837, 80787]"
75927.0,2,"[75927, 75933]"
76032.0,2,"[76032, 76037]"
76787.0,2,"[76787, 76787]"
76788.0,2,"[76788, 76788]"
76789.0,2,"[76789, 76789]"
76790.0,2,"[76790, 76790]"
76791.0,2,"[76791, 76791]"
76554.0,2,"[76554, 76555]"
76569.0,2,"[76569, 76570]"
76581.0,2,"[76581, 88501]"
76662.0,2,"[76662, 99452]"
76701.0,2,"[76701, 77756]"
76757.0,2,"[76757, 76757]"
76758.0,2,"[76758, 76758]"
76759.0,2,"[76759, 76759]"
76760.0,2,"[76760, 76760]"
76761.0,2,"[76761, 76761]"
76762.0,2,"[76762, 76762]"
76808.0,2,"[76808, 76808]"
76809.0,2,"[76809, 76809]"
76810.0,2,"[76810, 76810]"
76811.0,2,"[76811, 76811]"
76812.0,2,"[76812, 76812]"
76813.0,2,"[76813, 76813]"
76769.0,2,"[76769, 76769]"
76770.0,2,"[76770, 76770]"
76772.0,2,"[76772, 76772]"
76773.0,2,"[76773, 76773]"
76774.0,2,"[76774, 76774]"
76777.0,2,"[76777, 76777]"
76779.0,2,"[76779, 76779]"
76783.0,2,"[76783, 76783]"
76784.0,2,"[76784, 76784]"
76785.0,2,"[76785, 76785]"
76832.0,2,"[76832, 76832]"
76833.0,2,"[76833, 76833]"
76834.0,2,"[76834, 76834]"
76838.0,2,"[76838, 76838]"
76840.0,2,"[76840, 76840]"
76841.0,2,"[76841, 76841]"
76793.0,2,"[76793, 76793]"
76794.0,2,"[76794, 76794]"
76797.0,2,"[76797, 76797]"
76800.0,2,"[76800, 76800]"
76801.0,2,"[76801, 76801]"
76802.0,2,"[76802, 76802]"
76803.0,2,"[76803, 76803]"
76804.0,2,"[76804, 76804]"
76805.0,2,"[76805, 76805]"
76806.0,2,"[76806, 76806]"
76861.0,2,"[76861, 76861]"
76863.0,2,"[76863, 76863]"
76865.0,2,"[76865, 76865]"
76867.0,2,"[76867, 76867]"
76869.0,2,"[76869, 76869]"
76870.0,2,"[76870, 76870]"
76814.0,2,"[76814, 76814]"
76815.0,2,"[76815, 76815]"
76818.0,2,"[76818, 76818]"
76819.0,2,"[76819, 76819]"
76820.0,2,"[76820, 76820]"
76821.0,2,"[76821, 76821]"
76822.0,2,"[76822, 76822]"
76823.0,2,"[76823, 76823]"
76825.0,2,"[76825, 76825]"
76830.0,2,"[76830, 76830]"
76886.0,2,"[76886, 76886]"
76887.0,2,"[76887, 76887]"
76888.0,2,"[76888, 76888]"
76889.0,2,"[76889, 76889]"
76890.0,2,"[76890, 76890]"
76891.0,2,"[76891, 76891]"
76844.0,2,"[76844, 76844]"
76846.0,2,"[76846, 76846]"
76848.0,2,"[76848, 76848]"
76850.0,2,"[76850, 76850]"
76851.0,2,"[76851, 76851]"
76853.0,2,"[76853, 76853]"
76854.0,2,"[76854, 76854]"
76855.0,2,"[76855, 76855]"
76856.0,2,"[76856, 76856]"
76857.0,2,"[76857, 76857]"
76911.0,2,"[76911, 76911]"
76912.0,2,"[76912, 76912]"
76913.0,2,"[76913, 76913]"
76914.0,2,"[76914, 76914]"
76915.0,2,"[76915, 76915]"
76916.0,2,"[76916, 76916]"
76872.0,2,"[76872, 76872]"
76875.0,2,"[76875, 76875]"
76876.0,2,"[76876, 76876]"
76878.0,2,"[76878, 76878]"
76879.0,2,"[76879, 76879]"
76880.0,2,"[76880, 76880]"
76882.0,2,"[76882, 76882]"
76883.0,2,"[76883, 76883]"
76884.0,2,"[76884, 76884]"
76885.0,2,"[76885, 76885]"
77133.0,2,"[77133, 92022]"
77172.0,2,"[77172, 96430]"
77331.0,2,"[77331, 98803]"
77359.0,2,"[77359, 92755]"
77434.0,2,"[77434, 93204]"
77578.0,2,"[77578, 77579]"
76892.0,2,"[76892, 76892]"
76895.0,2,"[76895, 76895]"
76897.0,2,"[76897, 76897]"
76898.0,2,"[76898, 76898]"
76899.0,2,"[76899, 76899]"
76900.0,2,"[76900, 76900]"
76904.0,2,"[76904, 76904]"
76906.0,2,"[76906, 76906]"
76907.0,2,"[76907, 76907]"
76908.0,2,"[76908, 76908]"
78461.0,2,"[78461, 85035]"
79136.0,2,"[79136, 79139]"
79155.0,2,"[79155, 79156]"
79418.0,2,"[79418, 91563]"
79424.0,2,"[79424, 98240]"
79550.0,2,"[79550, 95780]"
76917.0,2,"[76917, 76917]"
76918.0,2,"[76918, 76918]"
76937.0,2,"[76937, 87981]"
76952.0,2,"[76952, 87980]"
76969.0,2,"[76969, 87973]"
76980.0,2,"[76980, 87979]"
76981.0,2,"[76981, 87976]"
76984.0,2,"[76984, 87977]"
77015.0,2,"[77015, 77413]"
77052.0,2,"[77052, 93340]"
80085.0,2,"[80085, 80096]"
80313.0,2,"[80313, 80315]"
80372.0,2,"[80372, 81727]"
80381.0,2,"[80381, 99935]"
80448.0,2,"[80448, 80449]"
80674.0,2,"[80674, 89567]"
80953.0,2,"[80953, 80957]"
81096.0,2,"[81096, 81103]"
77679.0,2,"[77679, 92005]"
77833.0,2,"[77833, 77851]"
77944.0,2,"[77944, 81629]"
77969.0,2,"[77969, 77972]"
78167.0,2,"[78167, 87962]"
78292.0,2,"[78292, 78294]"
78380.0,2,"[78380, 78382]"
78403.0,2,"[78403, 78404]"
81679.0,2,"[81679, 81680]"
81701.0,2,"[81701, 81702]"
81725.0,2,"[81725, 81729]"
81923.0,2,"[81923, 81924]"
81948.0,2,"[81948, 81952]"
82161.0,2,"[82161, 98484]"
82184.0,2,"[82184, 82185]"
82345.0,2,"[82345, 82350]"
82382.0,2,"[82382, 82395]"
79626.0,2,"[79626, 91416]"
79652.0,2,"[79652, 87347]"
79678.0,2,"[79678, 84838]"
79727.0,2,"[79727, 79728]"
79815.0,2,"[79815, 79818]"
79961.0,2,"[79961, 79965]"
80079.0,2,"[80079, 80080]"
83650.0,2,"[83650, 83653]"
83819.0,2,"[83819, 83826]"
83840.0,2,"[83840, 83842]"
83938.0,2,"[83938, 83940]"
83979.0,2,"[83979, 83981]"
84165.0,2,"[84165, 84180]"
84225.0,2,"[84225, 84227]"
84258.0,2,"[84258, 84272]"
84377.0,2,"[84377, 84394]"
81135.0,2,"[81135, 97953]"
81406.0,2,"[81406, 81447]"
81437.0,2,"[81437, 81458]"
81522.0,2,"[81522, 81537]"
81539.0,2,"[81539, 86039]"
81553.0,2,"[81553, 81559]"
81581.0,2,"[81581, 81593]"
84972.0,2,"[84972, 84973]"
85073.0,2,"[85073, 85095]"
85241.0,2,"[85241, 85291]"
85268.0,2,"[85268, 85293]"
85866.0,2,"[85866, 85887]"
85908.0,2,"[85908, 89896]"
85917.0,2,"[85917, 85917]"
85918.0,2,"[85918, 85918]"
85920.0,2,"[85920, 85920]"
85921.0,2,"[85921, 85921]"
82488.0,2,"[82488, 82500]"
82564.0,2,"[82564, 82580]"
82673.0,2,"[82673, 82675]"
83298.0,2,"[83298, 83307]"
83376.0,2,"[83376, 83377]"
83615.0,2,"[83615, 83617]"
309.0,2,"[309, 27455]"
337.0,2,"[337, 14506]"
348.0,2,"[348, 50844]"
353.0,2,"[353, 78120]"
365.0,2,"[365, 2326]"
372.0,2,"[372, 377]"
85937.0,2,"[85937, 85937]"
85939.0,2,"[85939, 85939]"
85940.0,2,"[85940, 85940]"
85941.0,2,"[85941, 85941]"
85943.0,2,"[85943, 85943]"
85945.0,2,"[85945, 85945]"
84847.0,2,"[84847, 87966]"
84852.0,2,"[84852, 87959]"
84935.0,2,"[84935, 95087]"
84968.0,2,"[84968, 84969]"
85923.0,2,"[85923, 85923]"
85924.0,2,"[85924, 85924]"
85925.0,2,"[85925, 85925]"
85926.0,2,"[85926, 85926]"
85927.0,2,"[85927, 85927]"
85931.0,2,"[85931, 85931]"
85932.0,2,"[85932, 85932]"
85934.0,2,"[85934, 85934]"
662.0,2,"[662, 81986]"
681.0,2,"[681, 29247]"
703.0,2,"[703, 97352]"
705.0,2,"[705, 93834]"
740.0,2,"[740, 35572]"
291.0,2,"[291, 94342]"
295.0,2,"[295, 94964]"
305.0,2,"[305, 20487]"
85946.0,2,"[85946, 85946]"
85947.0,2,"[85947, 85947]"
85948.0,2,"[85948, 85948]"
85949.0,2,"[85949, 85949]"
85950.0,2,"[85950, 85950]"
85951.0,2,"[85951, 85951]"
85954.0,2,"[85954, 85954]"
85955.0,2,"[85955, 85955]"
85956.0,2,"[85956, 85956]"
85957.0,2,"[85957, 85957]"
85958.0,2,"[85958, 85958]"
85962.0,2,"[85962, 85962]"
85964.0,2,"[85964, 85964]"
85965.0,2,"[85965, 85965]"
85966.0,2,"[85966, 85966]"
85967.0,2,"[85967, 85967]"
86023.0,2,"[86023, 86023]"
85976.0,2,"[85976, 85976]"
85979.0,2,"[85979, 85979]"
85980.0,2,"[85980, 85980]"
85981.0,2,"[85981, 85981]"
85982.0,2,"[85982, 85982]"
85983.0,2,"[85983, 85983]"
85986.0,2,"[85986, 85986]"
85989.0,2,"[85989, 85989]"
85990.0,2,"[85990, 85990]"
85991.0,2,"[85991, 85991]"
85992.0,2,"[85992, 85992]"
85993.0,2,"[85993, 85993]"
85996.0,2,"[85996, 85996]"
85998.0,2,"[85998, 85998]"
86002.0,2,"[86002, 86002]"
86611.0,2,"[86611, 86612]"
86004.0,2,"[86004, 86004]"
86006.0,2,"[86006, 86006]"
86007.0,2,"[86007, 86007]"
86008.0,2,"[86008, 86008]"
86009.0,2,"[86009, 86009]"
86010.0,2,"[86010, 86010]"
86012.0,2,"[86012, 86012]"
86013.0,2,"[86013, 86013]"
86015.0,2,"[86015, 86015]"
86016.0,2,"[86016, 86016]"
86018.0,2,"[86018, 86018]"
86019.0,2,"[86019, 86019]"
86020.0,2,"[86020, 86020]"
86021.0,2,"[86021, 86021]"
86022.0,2,"[86022, 86022]"
89131.0,2,"[89131, 95892]"
89516.0,2,"[89516, 89518]"
86025.0,2,"[86025, 86025]"
86026.0,2,"[86026, 86026]"
86027.0,2,"[86027, 86027]"
86028.0,2,"[86028, 86028]"
86032.0,2,"[86032, 86032]"
86033.0,2,"[86033, 86033]"
86034.0,2,"[86034, 86034]"
86035.0,2,"[86035, 86035]"
86037.0,2,"[86037, 86037]"
86156.0,2,"[86156, 96167]"
86199.0,2,"[86199, 86199]"
86203.0,2,"[86203, 86203]"
86251.0,2,"[86251, 86254]"
86389.0,2,"[86389, 93434]"
91028.0,2,"[91028, 91037]"
91082.0,2,"[91082, 91083]"
91244.0,2,"[91244, 91256]"
91328.0,2,"[91328, 91329]"
91471.0,2,"[91471, 91472]"
91483.0,2,"[91483, 91484]"
87065.0,2,"[87065, 87066]"
87149.0,2,"[87149, 87176]"
87156.0,2,"[87156, 87164]"
87438.0,2,"[87438, 87444]"
87510.0,2,"[87510, 87512]"
87602.0,2,"[87602, 87635]"
87712.0,2,"[87712, 87723]"
87730.0,2,"[87730, 87731]"
88073.0,2,"[88073, 88074]"
88157.0,2,"[88157, 88167]"
92969.0,2,"[92969, 92971]"
93100.0,2,"[93100, 93103]"
93125.0,2,"[93125, 93126]"
93273.0,2,"[93273, 93283]"
93275.0,2,"[93275, 93285]"
94337.0,2,"[94337, 94417]"
94593.0,2,"[94593, 94602]"
89723.0,2,"[89723, 89725]"
89763.0,2,"[89763, 89766]"
89969.0,2,"[89969, 89970]"
90005.0,2,"[90005, 90008]"
90076.0,2,"[90076, 99322]"
90176.0,2,"[90176, 90183]"
90311.0,2,"[90311, 90312]"
90493.0,2,"[90493, 90495]"
90821.0,2,"[90821, 90822]"
109.0,2,"[109, 117]"
137.0,2,"[137, 20222]"
142.0,2,"[142, 144]"
96281.0,2,"[96281, 96376]"
96293.0,2,"[96293, 96294]"
96325.0,2,"[96325, 96328]"
96519.0,2,"[96519, 96523]"
96605.0,2,"[96605, 96610]"
96630.0,2,"[96630, 96632]"
91670.0,2,"[91670, 91671]"
91796.0,2,"[91796, 91797]"
92232.0,2,"[92232, 92233]"
92417.0,2,"[92417, 92421]"
92749.0,2,"[92749, 92752]"
92863.0,2,"[92863, 92864]"
92936.0,2,"[92936, 92939]"
251.0,2,"[251, 252]"
98645.0,2,"[98645, 98646]"
98664.0,2,"[98664, 98667]"
98670.0,2,"[98670, 98672]"
98695.0,2,"[98695, 98700]"
98740.0,2,"[98740, 98741]"
98894.0,2,"[98894, 98895]"
99071.0,2,"[99071, 99072]"
98463.0,2,"[98463, 98464]"
99144.0,2,"[99144, 99159]"
98160.0,2,"[98160, 98161]"
98362.0,2,"[98362, 98364]"
98375.0,2,"[98375, 98378]"
98441.0,2,"[98441, 98444]"
94596.0,2,"[94596, 94644]"
94891.0,2,"[94891, 94898]"
99654.0,2,"[99654, 99655]"
99738.0,2,"[99738, 99751]"
99767.0,2,"[99767, 99770]"
99932.0,2,"[99932, 99934]"
59.0,2,"[59, 77354]"
96694.0,2,"[96694, 96701]"
96856.0,2,"[96856, 96859]"
96909.0,2,"[96909, 96912]"
96931.0,2,"[96931, 96941]"
97046.0,2,"[97046, 97047]"
97393.0,2,"[97393, 97394]"
97524.0,2,"[97524, 97666]"
97779.0,2,"[97779, 97780]"
97868.0,2,"[97868, 97870]"
97995.0,2,"[97995, 97999]"
242.0,2,"[242, 92152]"
